{"cameraMode":{"drawMode":0,"name":"Shaded","section":"Shading Mode"},"sceneLighting":false,"audioPlay":false,"sceneViewState":{"m_AlwaysRefresh":false,"showFog":true,"showSkybox":false,"showFlares":true,"showImageEffects":true,"showParticleSystems":true,"showVisualEffectGraphs":true,"m_FxEnabled":true},"in2DMode":false,"pivot":{"x":-0.02524244785308838,"y":0.06671537458896637,"z":-3.0000009536743166},"rotation":{"x":0.03721407428383827,"y":0.9330456852912903,"z":-0.10116253048181534,"w":0.343234121799469},"size":3.7410502433776857,"orthographic":false}