{"cameraMode":{"drawMode":0,"name":"Shaded","section":"Shading Mode"},"sceneLighting":false,"audioPlay":false,"sceneViewState":{"m_AlwaysRefresh":false,"showFog":true,"showSkybox":false,"showFlares":true,"showImageEffects":true,"showParticleSystems":true,"showVisualEffectGraphs":true,"m_FxEnabled":true},"in2DMode":false,"pivot":{"x":1.1513268947601319,"y":0.6597484946250916,"z":-8.017131805419922},"rotation":{"x":-0.003685581963509321,"y":-0.960166871547699,"z":0.27911555767059328,"w":-0.01267857663333416},"size":0.8289141058921814,"orthographic":false}